idnodoinf;idfeature;etichetta
56;1590031;Albert Einstein 412
57;1666736;Isaac Newton 311
58;1872051;Marie Curie 588
59;1401995;Nikola Tesla 983
60;1990323;Charles Darwin 267
61;1753440;Stephen Hawking 219
63;1067178;Leonardo da Vinci 857
64;1930717;Rosalind Franklin 268
66;1762299;James Clerk Maxwell 227
67;1521318;Louis Pasteur 625
69;1785008;Carl Sagan 941
70;1615873;Gregor Mendel 713
71;1917204;Dmitri Mendeleev 989
72;1556159;Ada Lovelace 423
74;1169270;Erwin Schrödinger 493
75;1614739;Niels Bohr 879
76;1728392;Werner Heisenberg 833
77;1189126;Max Planck 365
80;1191582;Alexander Fleming 580
81;1514520;Barbara McClintock 779
82;1302504;Jane Goodall 888
83;1307000;Rachel Carson 576
85;1903428;Tycho Brahe 137
86;1241407;Johannes Kepler 341
87;1631144;Alfred Nobel 902
88;1543750;Andre Marie Ampere 294
90;1013016;Blaise Pascal 169
92;1630815;Edwin Hubble 654
95;1607743;Henrietta Leavitt 371
98;1558819;Lise Meitner 317
99;1496931;Max Born 980